name,status,stock,description,price
Red Currant Jelly,true,20,enable killer partnerships,$4.58
Quiche Assorted,true,88,deliver magnetic portals,$6.42
"Carrots - Mini, Stem On",false,45,facilitate innovative users,$8.89
Clam - Cherrystone,true,32,visualize transparent web services,$8.46
Tomato - Peeled Italian Canned,true,19,evolve transparent infomediaries,$9.22
Sweet Pea Sprouts,true,98,mesh visionary experiences,$5.07
"Wine - White, Antinore Orvieto",true,92,deliver collaborative markets,$9.77
Wine - Piper Heidsieck Brut,false,11,enable holistic technologies,$9.01
"Juice - Tomato, 48 Oz",true,48,transform proactive architectures,$3.60
Muffin Mix - Blueberry,false,68,cultivate front-end partnerships,$9.96
Cheese - Brie Roitelet,true,18,scale web-enabled interfaces,$7.88
"Pasta - Elbows, Macaroni, Dry",false,53,envisioneer user-centric paradigms,$9.19
Roe - White Fish,false,21,exploit web-enabled infrastructures,$5.85
"Crab - Back Fin Meat, Canned",true,77,facilitate wireless paradigms,$3.64
Creme De Banane - Marie,false,28,syndicate web-enabled eyeballs,$6.21
Cake - Night And Day Choclate,true,12,optimize web-enabled experiences,$8.23
Juice - Orange 1.89l,false,38,unleash e-business portals,$5.12
Muffin - Zero Transfat,true,24,reinvent user-centric experiences,$7.04
Jameson Irish Whiskey,false,56,expedite distributed ROI,$2.33
The Pop Shoppe - Black Cherry,false,62,facilitate one-to-one models,$4.44
Pepper - Green,true,27,matrix frictionless niches,$9.67
"Wine - White, French Cross",true,64,leverage frictionless e-tailers,$4.97
Apple - Granny Smith,true,81,deploy extensible ROI,$7.58
Tomato - Peeled Italian Canned,true,50,generate e-business interfaces,$2.96
Turnip - Mini,false,33,exploit clicks-and-mortar networks,$3.93
"Beans - Black Bean, Canned",false,46,mesh integrated e-markets,$2.20
"Doilies - 8, Paper",false,38,deliver turn-key action-items,$4.95
Crackers - Melba Toast,false,13,reinvent back-end interfaces,$9.36
"Pasta - Bauletti, Chicken White",true,98,extend intuitive supply-chains,$5.02
"Wine - White, Ej",false,93,unleash world-class action-items,$4.26
Sausage - Breakfast,false,36,cultivate vertical functionalities,$4.58
"Coconut - Shredded, Sweet",true,58,mesh extensible e-business,$6.12
Magnotta - Bel Paese White,true,91,scale cross-platform systems,$9.28
Dates,false,11,expedite killer synergies,$5.37
Stainless Steel Cleaner Vision,true,42,strategize distributed partnerships,$2.89
Dish Towel,true,11,incentivize user-centric systems,$9.35
"Lamb - Leg, Bone In",true,91,strategize holistic communities,$3.49
Bandage - Fexible 1x3,false,32,engineer granular mindshare,$2.77
Cabbage - Red,true,94,architect 24/7 e-commerce,$8.79
Pork - Bacon Cooked Slcd,false,23,synergize out-of-the-box solutions,$2.85
"Shrimp - 16 - 20 Cooked, Peeled",true,45,cultivate magnetic systems,$5.13
Soup - Chicken And Wild Rice,false,89,reinvent compelling solutions,$8.44
Lumpfish Black,false,43,maximize robust action-items,$6.08
"Cheese - Havarti, Roasted Garlic",false,83,whiteboard sticky supply-chains,$3.75
Yogurt - Plain,false,63,mesh bleeding-edge content,$9.94
Lettuce - Treviso,true,75,engage world-class platforms,$4.45
Tea - Decaf Lipton,false,40,enable ubiquitous infomediaries,$7.96
Danishes - Mini Raspberry,true,72,deploy rich convergence,$9.79
"Cheese - Brie, Cups 125g",true,43,disintermediate visionary experiences,$5.75
Beer - Sleeman Fine Porter,false,63,morph holistic methodologies,$8.98
Wine - Sauvignon Blanc,false,29,synergize B2B infrastructures,$9.66
Soup - Campbells Chili Veg,true,77,generate cutting-edge niches,$8.99
"Yogurt - Blueberry, 175 Gr",false,80,envisioneer frictionless channels,$8.24
Pear - Prickly,false,23,reintermediate scalable infomediaries,$7.94
Pastry - Butterscotch Baked,true,48,transform back-end e-commerce,$4.44
Bacardi Limon,false,91,deliver value-added solutions,$7.44
Wine - Chablis J Moreau Et Fils,false,96,redefine distributed technologies,$6.37
Higashimaru Usukuchi Soy,false,12,engineer one-to-one systems,$7.34
Asparagus - Mexican,false,38,integrate robust web services,$8.44
Table Cloth 53x53 White,false,41,expedite magnetic applications,$2.11
Energy Drink Red Bull,false,91,evolve proactive infrastructures,$4.15
Shallots,true,58,seize holistic communities,$8.66
Table Cloth 91x91 Colour,true,42,leverage global platforms,$9.15
"Butter - Salted, Micro",false,80,leverage killer e-tailers,$8.25
Tea Peppermint,true,68,target end-to-end e-commerce,$3.09
"Lamb - Whole Head Off,nz",true,61,mesh magnetic relationships,$6.38
Rye Special Old,false,13,unleash best-of-breed infomediaries,$9.74
Yukon Jack,false,54,incubate 24/7 e-services,$7.29
"Crush - Grape, 355 Ml",true,81,mesh frictionless niches,$5.53
Wine - Vineland Estate Semi - Dry,false,59,productize end-to-end relationships,$6.61
"Crush - Orange, 355ml",false,57,integrate leading-edge functionalities,$6.76
Wine - Alicanca Vinho Verde,false,37,optimize web-enabled convergence,$9.61
Amaretto,false,60,transition next-generation eyeballs,$8.46
Appetizer - Southwestern,true,60,mesh distributed infomediaries,$6.91
Beans - Kidney White,false,13,empower intuitive channels,$7.48
Bandage - Flexible Neon,false,71,leverage transparent deliverables,$3.68
"Wine - White, Riesling, Henry Of",true,19,maximize viral markets,$7.67
Bread - Onion Focaccia,false,52,leverage out-of-the-box content,$9.24
Wine - Pinot Noir Stoneleigh,true,41,expedite best-of-breed ROI,$9.14
Foil - 4oz Custard Cup,false,65,scale cutting-edge ROI,$8.24
Wine - Black Tower Qr,true,90,aggregate extensible technologies,$2.03
Meldea Green Tea Liquor,true,92,redefine next-generation experiences,$3.11
"Peas - Pigeon, Dry",false,76,deploy cutting-edge vortals,$3.73
Sponge Cake Mix - Vanilla,false,55,whiteboard compelling methodologies,$9.22
Avocado,false,57,transition frictionless e-services,$7.79
Salt - Kosher,true,38,evolve web-enabled e-markets,$2.00
Brandy - Bar,true,88,target B2C solutions,$7.00
Milk - Chocolate 250 Ml,true,89,maximize clicks-and-mortar functionalities,$2.51
Flour - Fast / Rapid,false,30,maximize granular solutions,$8.10
"Salmon - Smoked, Sliced",false,100,architect frictionless e-tailers,$9.71
Rice Paper,false,50,implement holistic infrastructures,$9.17
Chinese Foods - Plain Fried Rice,false,38,innovate back-end experiences,$4.48
Lettuce - Lambs Mash,false,68,innovate collaborative metrics,$5.31
Pails With Lids,true,36,brand plug-and-play action-items,$3.46
Chicken - Ground,false,100,revolutionize distributed web-readiness,$9.65
"Wine - Red, Mouton Cadet",false,99,deliver dynamic markets,$4.53
Dried Figs,true,58,embrace interactive interfaces,$2.56
"Bread - Multigrain, Loaf",false,25,utilize front-end ROI,$8.99
"Wine - Red, Cooking",true,12,engineer one-to-one solutions,$2.79
"Salmon - Smoked, Sliced",true,77,matrix synergistic networks,$4.95
Cheese - Feta,true,58,benchmark customized systems,$9.50
Appetizer - Crab And Brie,true,61,recontextualize dot-com infomediaries,$8.41
Wine - Mondavi Coastal Private,false,68,architect leading-edge platforms,$5.15
"Sugar - Sweet N Low, Individual",true,85,morph one-to-one e-commerce,$5.12
"Lamb - Whole Head Off,nz",false,12,scale frictionless niches,$7.14
"Orange - Canned, Mandarin",true,20,embrace rich solutions,$2.32
"Oil - Truffle, Black",false,46,empower wireless models,$3.82
Goulash Seasoning,true,58,innovate end-to-end ROI,$3.76
Blouse / Shirt / Sweater,false,28,architect turn-key markets,$2.33
Wine - Rubyport,true,53,enhance frictionless e-commerce,$9.90
Apple - Northern Spy,false,66,empower world-class architectures,$6.76
Cheese - Swiss Sliced,false,90,incentivize innovative metrics,$2.80
Lotus Rootlets - Canned,true,26,deploy impactful convergence,$5.00
Spinach - Frozen,false,18,productize B2B e-services,$8.41
Truffle Cups - White Paper,false,49,innovate front-end web-readiness,$9.40
Soup - French Onion,true,55,reinvent magnetic paradigms,$8.11
Chocolate Bar - Oh Henry,true,19,disintermediate plug-and-play experiences,$2.44
Cookies - Englishbay Chochip,false,45,mesh enterprise functionalities,$7.46
Cheese - Bakers Cream Cheese,false,33,facilitate extensible content,$8.79
Ginsing - Fresh,true,21,visualize proactive initiatives,$3.15
Bread - Multigrain,true,60,productize integrated e-commerce,$9.10
Shrimp - Tiger 21/25,false,71,benchmark web-enabled e-commerce,$5.60
Chicken - Soup Base,false,40,harness distributed functionalities,$8.38
"Nut - Chestnuts, Whole",false,99,synergize out-of-the-box infrastructures,$9.93
"Beef - Ground, Extra Lean, Fresh",true,99,synergize user-centric paradigms,$6.50
Sugar - Icing,false,78,grow seamless networks,$5.41
Longos - Greek Salad,true,23,generate killer e-markets,$2.50
Slt - Individual Portions,true,55,implement B2B technologies,$9.56
Gatorade - Lemon Lime,true,23,envisioneer impactful schemas,$6.37
Cloves - Ground,false,84,enable sticky infomediaries,$4.74
Mangostein,true,17,transition out-of-the-box paradigms,$4.10
Carbonated Water - Blackcherry,false,28,enable cross-platform partnerships,$7.66
"Cake Circle, Paprus",true,80,disintermediate robust eyeballs,$5.38
Wine - Chateau Aqueria Tavel,false,15,disintermediate bleeding-edge infomediaries,$8.54
"Veal - Inside Round / Top, Lean",false,88,visualize bleeding-edge eyeballs,$6.48
Juice - Orangina,true,83,enable synergistic communities,$2.71
Muffin Mix - Oatmeal,true,39,e-enable proactive initiatives,$6.74
Island Oasis - Strawberry,true,97,deploy interactive partnerships,$9.89
Towel Dispenser,false,73,facilitate B2C e-services,$4.13
Crab - Soft Shell,false,45,matrix intuitive deliverables,$7.34
Parsnip,true,54,innovate open-source supply-chains,$4.10
Lamb - Rack,false,67,matrix user-centric niches,$4.67
Parsley Italian - Fresh,false,84,morph cross-media markets,$4.93
Cabbage - Savoy,true,58,expedite magnetic methodologies,$3.62
Juice - Orangina,false,21,extend 24/365 e-markets,$2.36
Muffin Batt - Blueberry Passion,true,47,e-enable synergistic convergence,$7.26
Basil - Seedlings Cookstown,true,25,implement dot-com e-services,$9.82
Soup - Chicken And Wild Rice,false,76,grow clicks-and-mortar applications,$3.54
"Lentils - Red, Dry",true,93,streamline holistic supply-chains,$9.10
Pernod,true,60,enable frictionless e-tailers,$2.89
Cup - Paper 10oz 92959,false,13,leverage virtual e-business,$3.96
"Club Soda - Schweppes, 355 Ml",false,72,architect innovative web-readiness,$4.71
Eggplant - Regular,false,56,integrate cross-media architectures,$6.38
Couscous,false,71,drive bleeding-edge functionalities,$9.86
Shrimp - 100 / 200 Cold Water,true,28,enable turn-key web services,$3.15
Bagelers - Cinn / Brown Sugar,true,84,reinvent visionary mindshare,$6.07
Pepper - Orange,true,24,disintermediate frictionless models,$9.49
Pasta - Ravioli,false,78,aggregate visionary schemas,$3.10
Lambcasing,true,13,deliver interactive deliverables,$4.90
Wine - Chateau Aqueria Tavel,true,56,monetize dot-com bandwidth,$8.80
Coffee Cup 16oz Foam,true,99,scale proactive functionalities,$9.65
Huck Towels White,true,63,productize transparent metrics,$3.27
Pasta - Cheese / Spinach Bauletti,false,71,scale bricks-and-clicks web-readiness,$6.56
Wine - Barossa Valley Estate,false,13,scale cross-platform content,$9.53
Bag - Clear 7 Lb,true,36,syndicate plug-and-play action-items,$2.34
Calypso - Pineapple Passion,true,32,deploy value-added web services,$4.76
Veal - Nuckle,false,21,maximize web-enabled eyeballs,$6.27
Wine - Casablanca Valley,false,29,synergize proactive platforms,$6.19
Apricots Fresh,true,89,redefine open-source synergies,$6.79
Bread - Ciabatta Buns,false,63,integrate frictionless action-items,$2.82
Extract - Rum,true,71,mesh synergistic metrics,$7.71
Coconut Milk - Unsweetened,false,97,productize one-to-one experiences,$6.93
Soup - Campbells Bean Medley,true,23,disintermediate B2C convergence,$8.98
Crawfish,false,28,monetize holistic markets,$9.68
Bay Leaf Ground,false,27,enhance B2C methodologies,$8.17
Sprouts - Baby Pea Tendrils,true,48,evolve global bandwidth,$2.58
"Nut - Almond, Blanched, Whole",false,20,morph frictionless e-services,$3.01
Duck - Fat,true,12,envisioneer out-of-the-box systems,$3.49
Beef - Texas Style Burger,false,59,revolutionize efficient web services,$8.61
Onions - White,false,47,brand global portals,$6.48
Grapes - Black,true,11,generate innovative relationships,$6.24
Parsnip,false,15,repurpose cross-platform e-tailers,$9.78
Pork - Ham Hocks - Smoked,true,78,transition rich eyeballs,$2.69
Oil - Macadamia,false,83,morph leading-edge e-services,$8.99
Canadian Emmenthal,false,66,extend 24/7 methodologies,$4.56
Vinegar - Balsamic,false,42,target cross-media technologies,$5.73
Appetizer - Asian Shrimp Roll,true,90,utilize synergistic networks,$6.01
Sausage - Meat,true,12,engineer killer eyeballs,$3.37
"Iced Tea - Lemon, 460 Ml",false,72,deliver out-of-the-box initiatives,$8.69
"Cherries - Maraschino,jar",false,29,mesh killer niches,$5.52
Napkin White - Starched,true,15,morph distributed e-services,$6.45
Pate - Peppercorn,false,69,enable next-generation e-business,$8.33
Salmon - Fillets,false,63,implement e-business mindshare,$2.42
Dc - Sakura Fu,false,85,utilize clicks-and-mortar relationships,$2.46
"Corn - Cream, Canned",false,14,engineer sticky architectures,$3.07
Table Cloth 62x114 White,false,23,streamline value-added models,$5.95
Long Island Ice Tea,false,20,grow viral infomediaries,$7.72
Lambcasing,true,42,whiteboard leading-edge architectures,$7.53
Gherkin,true,24,e-enable killer schemas,$5.05
Pepper - Orange,true,82,maximize impactful e-tailers,$2.94
Wine - Ej Gallo Sonoma,false,25,strategize proactive niches,$2.74
Sour Puss Raspberry,true,54,recontextualize intuitive synergies,$2.27
Wine - Rubyport,true,60,productize interactive ROI,$2.26
Beef Wellington,false,79,transition end-to-end eyeballs,$7.40
Chickhen - Chicken Phyllo,true,65,reinvent proactive bandwidth,$2.64
Ostrich - Prime Cut,true,25,orchestrate turn-key applications,$9.68
Wine - Maipo Valle Cabernet,true,67,maximize bricks-and-clicks vortals,$8.06
Tea Leaves - Oolong,true,45,reinvent robust deliverables,$3.12
Dates,true,29,strategize 24/7 experiences,$2.29
"Cake Circle, Paprus",false,92,enhance virtual metrics,$9.20
Scallops 60/80 Iqf,false,66,disintermediate distributed technologies,$3.41
Honey - Liquid,false,53,productize dynamic initiatives,$7.64
Fond - Chocolate,false,29,innovate wireless e-commerce,$2.61
Straw - Regular,false,42,architect transparent eyeballs,$8.46
Pepper - Yellow Bell,false,59,deploy synergistic e-services,$5.59
Sauce - Rosee,false,46,engineer mission-critical users,$5.38
Sponge Cake Mix - Vanilla,false,72,deploy interactive interfaces,$2.88
Cheese - Valancey,false,26,reintermediate impactful networks,$4.48
Sambuca - Ramazzotti,false,58,seize turn-key experiences,$6.48
Pastry - Mini French Pastries,false,89,whiteboard best-of-breed infomediaries,$7.14
Mcguinness - Blue Curacao,true,31,empower vertical e-services,$8.64
Onions - Green,true,27,visualize scalable ROI,$4.28
Beans - Green,true,91,engineer customized e-business,$8.65
Lettuce - Arugula,false,82,empower cutting-edge models,$4.63
Cheese - Comtomme,false,25,redefine ubiquitous schemas,$3.76
Ham - Black Forest,true,30,orchestrate vertical methodologies,$3.90
Artichoke - Fresh,true,82,generate clicks-and-mortar initiatives,$7.28
Beer - Blue Light,false,11,grow scalable e-services,$3.16
Chutney Sauce,true,43,e-enable sticky mindshare,$4.40
Crab - Imitation Flakes,false,87,seize 24/7 infrastructures,$3.92
Apple - Northern Spy,true,21,facilitate cross-media convergence,$7.61
"Split Peas - Yellow, Dry",false,24,exploit 24/7 architectures,$5.08
Cheese - Gouda Smoked,false,81,exploit clicks-and-mortar e-commerce,$3.29
Scallops - U - 10,false,94,exploit dynamic mindshare,$7.13
Tuna - Bluefin,false,30,synthesize rich relationships,$8.42
Duck - Breast,false,32,leverage mission-critical technologies,$8.03
Pan Grease,false,43,enable clicks-and-mortar channels,$9.42
Muffin Orange Individual,true,88,embrace frictionless platforms,$8.69
Pork - Caul Fat,true,40,leverage real-time channels,$7.58
"Juice - Apple, 500 Ml",true,91,utilize open-source functionalities,$6.59
"Pasta - Penne Primavera, Single",false,51,grow real-time functionalities,$4.75
"Pasta - Shells, Medium, Dry",true,61,whiteboard holistic technologies,$3.26
Bread Crumbs - Japanese Style,true,66,brand extensible eyeballs,$8.83
Wine - Prosecco Valdobienne,true,37,iterate next-generation models,$8.50
"Wine - Red, Wolf Blass, Yellow",false,44,synthesize compelling interfaces,$2.81
English Muffin,true,21,incentivize 24/7 models,$8.03
Bread - 10 Grain Parisian,false,11,enable user-centric users,$7.56
Grapes - Black,true,98,monetize out-of-the-box channels,$5.79
Clams - Canned,false,38,reintermediate innovative initiatives,$8.34
Jolt Cola - Red Eye,false,36,iterate leading-edge e-business,$4.36
Ecolab - Hobart Upr Prewash Arm,true,21,extend killer e-markets,$7.23
Cheese - Montery Jack,false,11,orchestrate end-to-end e-business,$2.80
"Lentils - Red, Dry",true,28,evolve dot-com solutions,$8.23
Bowl 12 Oz - Showcase 92012,false,16,mesh customized communities,$9.40
Sardines,true,20,optimize vertical paradigms,$6.71
Cheese - Gorgonzola,false,13,incentivize customized ROI,$2.90
Tea - Herbal Orange Spice,true,84,repurpose transparent methodologies,$3.59
French Pastries,false,16,engage vertical infomediaries,$9.44
Juice - Propel Sport,false,69,visualize extensible action-items,$8.10
Ham - Black Forest,true,95,productize enterprise web services,$2.12
"Garlic - Primerba, Paste",true,10,engage open-source relationships,$5.02
Bread - Kimel Stick Poly,false,41,repurpose holistic models,$8.90
"Iced Tea - Lemon, 340ml",false,82,unleash intuitive deliverables,$5.97
Cheese - Grana Padano,true,33,disintermediate plug-and-play initiatives,$2.72
Green Tea Refresher,true,89,deliver one-to-one technologies,$6.78
Relish,false,45,unleash cross-media experiences,$4.93
Sugar - White Packet,true,45,synergize user-centric experiences,$8.56
Papayas,false,28,reinvent plug-and-play applications,$7.40
Chocolate - Dark,false,44,exploit bricks-and-clicks interfaces,$4.86
Wine - Chateau Bonnet,false,35,enhance 24/7 ROI,$7.38
Beer - Original Organic Lager,true,59,productize collaborative convergence,$6.14
Cookie Trail Mix,true,70,optimize real-time technologies,$5.66
Lettuce - Romaine,false,55,matrix enterprise portals,$7.38
"Soup - French Onion, Dry",true,53,repurpose innovative schemas,$4.93
"Wine - White, Colubia Cresh",true,30,aggregate back-end technologies,$6.38
Lambcasing,false,22,architect revolutionary e-commerce,$7.64
"Juice - Apple, 1.36l",false,81,orchestrate e-business content,$5.37
Chutney Sauce,false,100,synthesize efficient experiences,$3.15
"Fish - Soup Base, Bouillon",true,40,disintermediate scalable users,$6.07
Beef - Flank Steak,false,39,recontextualize synergistic technologies,$2.77
Sachet,true,42,brand intuitive metrics,$6.14
Lettuce - Arugula,true,18,target rich communities,$5.05
Napkin Colour,true,71,iterate frictionless relationships,$3.54
"Flour - Buckwheat, Dark",false,91,visualize plug-and-play action-items,$2.80
Monkfish - Fresh,true,94,strategize strategic portals,$7.21
"Capon - Breast, Double, Wing On",false,30,redefine B2C eyeballs,$2.88
"Pork - Chop, Frenched",false,92,strategize user-centric technologies,$5.42
Chicken - Wieners,true,50,morph ubiquitous functionalities,$4.80
"Soup - Clam Chowder, Dry Mix",true,88,leverage impactful eyeballs,$2.18
"Mushrooms - Black, Dried",false,59,strategize collaborative metrics,$3.89
"Pepper - Black, Whole",false,31,harness ubiquitous portals,$6.26
Mustard - Pommery,true,62,syndicate leading-edge e-business,$6.18
Bread - Frozen Basket Variety,false,99,aggregate virtual supply-chains,$9.36
Peas - Frozen,true,81,maximize visionary e-markets,$5.94
"Lettuce - Romaine, Heart",true,44,morph 24/7 action-items,$2.26
Soup Campbells Split Pea And Ham,false,50,evolve robust e-commerce,$7.79
"Nut - Almond, Blanched, Sliced",false,79,innovate viral e-business,$7.19
Nestea - Iced Tea,true,37,optimize one-to-one relationships,$7.85
Garlic - Peeled,false,92,aggregate sexy ROI,$5.37
"Lamb - Whole, Frozen",true,97,enable bleeding-edge web-readiness,$7.89
Beef - Striploin,true,71,engage dot-com content,$3.74
Chicken - Base,true,41,extend customized portals,$8.16
Flour Pastry Super Fine,false,66,synthesize rich relationships,$2.94
Vaccum Bag 10x13,false,36,revolutionize real-time solutions,$3.62
Drambuie,true,14,morph cross-media platforms,$2.82
Aspic - Light,true,60,enhance interactive solutions,$4.08
Chicken - Livers,false,68,incubate best-of-breed web-readiness,$9.68
Shrimp - Black Tiger 13/15,true,75,recontextualize transparent initiatives,$3.61
"Doilies - 10, Paper",false,23,empower 24/365 partnerships,$3.08
Flower - Commercial Spider,true,91,integrate strategic markets,$9.63
Chips Potato Swt Chilli Sour,false,21,implement integrated experiences,$4.47
Glaze - Apricot,false,25,monetize cross-media communities,$2.81
Beer - Guiness,true,66,productize cross-media infomediaries,$2.63
"Pasta - Fettuccine, Egg, Fresh",false,83,embrace turn-key experiences,$4.55
Chicken - Base,true,54,matrix sexy niches,$2.09
Longan,false,87,transform sticky e-markets,$4.73
Veal - Striploin,false,87,incubate granular networks,$6.41
Wine - Taylors Reserve,true,67,deliver vertical eyeballs,$7.98
"Crab - Dungeness, Whole",true,23,maximize virtual technologies,$9.31
"Pasta - Bauletti, Chicken White",false,37,syndicate web-enabled e-business,$9.27
Beef - Montreal Smoked Brisket,true,10,grow bleeding-edge niches,$3.02
Peas Snow,false,62,scale global experiences,$2.65
"Peas - Pigeon, Dry",false,10,reinvent proactive architectures,$7.48
Wine - Montecillo Rioja Crianza,false,56,deploy 24/7 channels,$5.75
Galliano,true,48,orchestrate customized channels,$4.81
Lemon Tarts,true,92,innovate dot-com supply-chains,$8.40
Vodka - Moskovskaya,false,87,implement ubiquitous e-services,$7.05
"Veal - Inside, Choice",true,92,envisioneer viral infomediaries,$3.68
"Pepsi, 355 Ml",false,72,harness e-business e-services,$2.99
Squid - U - 10 Thailand,false,44,expedite back-end eyeballs,$8.17
Beer - Sleemans Cream Ale,false,80,matrix virtual markets,$9.53
Juice - Apple 284ml,true,19,utilize front-end action-items,$7.81
Sobe - Liz Blizz,true,83,generate interactive infomediaries,$9.20
Scallops - In Shell,false,20,transform scalable architectures,$4.74
Lamb - Shanks,false,19,synergize synergistic web-readiness,$9.48
Coriander - Ground,false,91,recontextualize plug-and-play schemas,$9.12
"Pasta - Canelloni, Single Serve",true,32,maximize plug-and-play channels,$4.23
"Jam - Raspberry,jar",true,85,brand transparent solutions,$3.64
Fish - Bones,true,52,expedite innovative networks,$9.78
Glass Clear 7 Oz Xl,false,25,integrate B2B methodologies,$7.59
"Wine - Red, Wolf Blass, Yellow",true,20,repurpose efficient schemas,$2.19
Oxtail - Cut,true,19,aggregate global supply-chains,$6.92
Extract - Rum,true,99,monetize magnetic models,$7.45
Sauce - Vodka Blush,false,37,matrix 24/365 platforms,$3.36
Vinegar - Cider,false,75,incubate B2C applications,$2.56
Juice - Happy Planet,false,77,transform transparent eyeballs,$3.11
Bread - Flat Bread,false,22,maximize sticky functionalities,$8.89
Eel - Smoked,false,24,repurpose intuitive content,$6.95
Crab - Meat Combo,false,42,expedite compelling functionalities,$9.13
Beets,false,85,synthesize frictionless architectures,$5.81
Muffin Chocolate Individual Wrap,true,61,extend distributed initiatives,$7.22
Beef - Bresaola,false,48,brand cross-platform portals,$8.08
Mint - Fresh,true,80,facilitate granular e-markets,$5.56
Puree - Mango,true,96,cultivate plug-and-play web services,$6.66
Drambuie,true,80,facilitate world-class web services,$6.06
"Pasta - Penne Primavera, Single",true,40,envisioneer transparent e-tailers,$8.67
"Apple - Delicious, Red",true,30,expedite next-generation applications,$8.88
Bay Leaf Ground,true,48,incentivize enterprise synergies,$9.12
Veal - Kidney,false,45,seize 24/365 markets,$3.66
Pomello,false,63,monetize leading-edge deliverables,$4.95
Soup Bowl Clear 8oz92008,true,24,e-enable vertical methodologies,$6.82
"Beans - Turtle, Black, Dry",false,98,grow value-added paradigms,$4.03
Schnappes Peppermint - Walker,false,98,incentivize real-time users,$2.17
Oil - Sunflower,true,100,orchestrate user-centric content,$9.02
"Corn - Cream, Canned",true,83,engage extensible e-commerce,$6.44
Wine - Coteaux Du Tricastin Ac,true,53,brand seamless e-tailers,$4.58
Cake Slab,true,18,target enterprise networks,$7.35
Cassis,false,58,repurpose customized metrics,$7.21
Sausage - Liver,false,15,innovate synergistic mindshare,$8.10
Oil - Sunflower,true,71,evolve virtual interfaces,$5.90
Wine - Beringer Founders Estate,true,97,leverage cross-platform deliverables,$6.49
Kellogs All Bran Bars,true,28,transform impactful channels,$2.98
Sweet Pea Sprouts,true,15,iterate customized content,$4.37
"Mushroom - Enoki, Fresh",false,17,matrix bleeding-edge vortals,$7.72
"Lamb - Leg, Bone In",true,63,whiteboard visionary ROI,$9.39
Cheese - Gouda,true,57,cultivate integrated synergies,$5.35
Wanton Wrap,true,22,cultivate turn-key schemas,$3.82
Macaroons - Homestyle Two Bit,false,85,harness extensible technologies,$2.94
Wine - Two Oceans Cabernet,false,20,whiteboard collaborative paradigms,$5.74
Puff Pastry - Slab,false,76,matrix cutting-edge e-services,$6.08
Longos - Grilled Salmon With Bbq,false,35,synthesize efficient e-services,$6.07
"Yeast - Fresh, Fleischman",false,57,transition open-source metrics,$6.15
Ham - Black Forest,false,63,scale vertical channels,$4.67
Ginger - Crystalized,true,73,synthesize magnetic eyeballs,$8.51
Flower - Potmums,false,93,incentivize 24/365 markets,$8.80
Muffin - Blueberry Individual,false,30,redefine dot-com mindshare,$5.00
Pepper - Chilli Seeds Mild,false,24,architect vertical relationships,$4.08
"Arctic Char - Fresh, Whole",false,40,transform value-added experiences,$6.35
Potatoes - Parissienne,true,92,empower ubiquitous markets,$6.26
Wine - Maipo Valle Cabernet,false,93,morph extensible web services,$6.56
"Pasta - Bauletti, Chicken White",true,59,architect 24/365 platforms,$2.11
Chips Potato Reg 43g,true,17,innovate innovative solutions,$3.03
Guava,false,26,streamline best-of-breed partnerships,$7.18
Spice - Chili Powder Mexican,true,50,exploit back-end e-markets,$2.84
Cheese - Valancey,false,21,enable 24/365 convergence,$8.27
Rice - Wild,true,46,cultivate innovative e-tailers,$7.93
Cucumber - English,true,43,facilitate bricks-and-clicks channels,$3.53
Appetizer - Escargot Puff,true,85,envisioneer value-added niches,$9.57
Spinach - Frozen,true,24,mesh web-enabled e-tailers,$4.82
Pail With Metal Handle 16l White,false,76,drive back-end markets,$5.54
Chocolate - Sugar Free Semi Choc,false,11,incentivize leading-edge models,$3.78
Towel Multifold,true,53,harness value-added models,$7.96
Tea - Lemon Green Tea,false,64,enable innovative e-tailers,$8.49
Dc - Frozen Momji,true,89,extend e-business web-readiness,$2.79
Olives - Kalamata,true,77,envisioneer cutting-edge content,$9.98
Lettuce - Red Leaf,false,12,generate ubiquitous markets,$8.48
Cheese - Parmesan Grated,false,87,reinvent transparent paradigms,$8.35
Basil - Seedlings Cookstown,true,32,implement robust web-readiness,$6.22
Scallops - 20/30,true,35,iterate B2C e-markets,$2.56
Cheese - Grana Padano,false,12,morph seamless initiatives,$6.56
Kahlua,false,47,unleash out-of-the-box systems,$5.09
Honey - Liquid,false,23,drive customized schemas,$5.80
Flavouring - Raspberry,false,11,implement enterprise interfaces,$9.84
"Pasta - Elbows, Macaroni, Dry",true,89,productize cross-media markets,$8.57
Container Clear 8 Oz,true,86,expedite seamless convergence,$9.14
Potatoes - Yukon Gold 5 Oz,false,71,cultivate next-generation action-items,$6.82
Milk - Condensed,false,47,extend scalable methodologies,$9.48
Miso Paste White,false,84,aggregate extensible systems,$6.52
Appetiser - Bought,false,98,architect clicks-and-mortar interfaces,$2.22
"Lemonade - Mandarin, 591 Ml",true,34,streamline bricks-and-clicks partnerships,$6.56
Capers - Ox Eye Daisy,true,79,brand end-to-end deliverables,$5.50
Lettuce - Romaine,false,43,seize extensible synergies,$9.73
Chips - Doritos,false,26,aggregate efficient content,$6.47
Wine - Port Late Bottled Vintage,true,76,transition clicks-and-mortar solutions,$8.17
Flour - Masa De Harina Mexican,false,41,aggregate e-business channels,$3.94
Bread - Rosemary Focaccia,true,94,innovate B2C schemas,$8.40
Dried Cherries,true,34,architect real-time models,$6.86
Wine - Barbera Alba Doc 2001,true,34,visualize granular vortals,$6.86
"Lid - Translucent, 3.5 And 6 Oz",true,97,architect end-to-end applications,$6.32
"Pork - Sausage, Medium",true,22,productize magnetic deliverables,$6.81
Cognac - Courvaisier,true,48,deploy mission-critical technologies,$8.90
"Tomatoes - Cherry, Yellow",false,46,visualize clicks-and-mortar eyeballs,$4.17
Absolut Citron,true,58,scale frictionless architectures,$2.25
"Turkey - Breast, Bone - In",false,27,mesh proactive infrastructures,$4.68
Pepper - Cubanelle,false,61,visualize efficient content,$4.83
Pastry - Baked Scones - Mini,false,44,expedite world-class platforms,$3.32
Longos - Lasagna Beef,true,11,integrate web-enabled architectures,$4.20
Beer - Muskoka Cream Ale,false,11,integrate intuitive e-business,$3.48
Veal - Loin,true,68,expedite integrated communities,$6.58
Cabbage - Savoy,true,13,synthesize collaborative e-tailers,$4.68
"Bread - Pullman, Sliced",true,45,repurpose ubiquitous models,$3.93
Wine - Sauvignon Blanc Oyster,false,24,embrace real-time infomediaries,$3.76
Ham - Procutinni,false,30,disintermediate global architectures,$7.76
"Chocolate - Milk, Callets",false,38,leverage scalable niches,$8.04
Coffee - 10oz Cup 92961,true,10,visualize interactive infrastructures,$7.28
"Potatoes - Purple, Organic",true,83,reintermediate 24/365 infomediaries,$8.03
"Napkin - Beverge, White 2 - Ply",true,47,utilize 24/7 web services,$6.10
Pasta - Cheese / Spinach Bauletti,true,40,brand vertical synergies,$7.92
Nantucket Pine Orangebanana,true,97,innovate open-source web services,$5.49
"Wine - Red, Mouton Cadet",false,47,reintermediate granular paradigms,$5.09
Food Colouring - Red,true,11,whiteboard robust vortals,$3.39
Container - Hngd Cll Blk 7x7x3,false,39,unleash visionary portals,$4.44
"Soup - Knorr, Classic Can. Chili",false,23,transition turn-key channels,$3.32
Cranberries - Dry,true,33,synthesize granular methodologies,$9.53
Veal - Liver,true,81,recontextualize 24/7 interfaces,$6.22
"Rum - Light, Captain Morgan",false,70,e-enable next-generation experiences,$7.43
Cup - Paper 10oz 92959,true,21,maximize real-time e-markets,$2.58
Sausage - Meat,true,18,monetize world-class portals,$6.49
"Sauce - Soya, Dark",true,98,monetize cross-media content,$5.19
Cocoa Powder - Natural,true,18,monetize 24/365 platforms,$7.96
"Nut - Almond, Blanched, Ground",true,29,engage revolutionary architectures,$4.91
"Wine - Red, Mouton Cadet",true,85,maximize transparent bandwidth,$8.55
"Lamb - Leg, Diced",false,90,reinvent next-generation relationships,$8.02
Crab Meat Claw Pasteurise,true,57,facilitate back-end architectures,$9.69
"Flour - Buckwheat, Dark",false,46,envisioneer strategic supply-chains,$5.41
Peas Snow,false,80,syndicate ubiquitous portals,$8.66
Vacuum Bags 12x16,false,49,brand killer infrastructures,$5.14
"Bread - Roll, Canadian Dinner",true,72,orchestrate B2C models,$6.19
"Crab - Back Fin Meat, Canned",true,14,scale holistic channels,$9.85
Steel Wool,true,23,deliver customized methodologies,$2.05
Hot Chocolate - Individual,true,36,grow leading-edge partnerships,$2.02
"Pork - Sausage, Medium",true,88,recontextualize viral applications,$2.05
Lamb - Whole Head Off,true,73,reinvent holistic ROI,$5.77
Milk - Chocolate 250 Ml,true,46,incentivize global methodologies,$5.79
Creme De Menthe Green,true,75,brand back-end paradigms,$4.77
"Red Snapper - Fillet, Skin On",false,79,iterate user-centric methodologies,$4.87
Syrup - Pancake,false,53,e-enable one-to-one e-markets,$3.67
Sour Puss Raspberry,true,85,cultivate cross-platform metrics,$2.48
Cup - Translucent 7 Oz Clear,true,48,engineer real-time metrics,$7.49
"Yogurt - Peach, 175 Gr",true,89,repurpose vertical web services,$6.35
Longos - Lasagna Beef,true,76,empower enterprise content,$5.77
Lamb Shoulder Boneless Nz,true,38,embrace proactive models,$9.44
"Wine - Red, Wolf Blass, Yellow",false,27,whiteboard ubiquitous ROI,$5.30
Muffin Orange Individual,true,55,utilize turn-key content,$2.76
Salt - Kosher,false,13,syndicate impactful supply-chains,$9.40
Water - Evian 355 Ml,false,59,monetize integrated convergence,$3.34
Munchies Honey Sweet Trail Mix,true,56,e-enable proactive relationships,$5.38
Avocado,true,70,generate 24/365 solutions,$8.62
"Soup - Knorr, Classic Can. Chili",true,79,incubate clicks-and-mortar eyeballs,$4.91
Pork Casing,true,34,cultivate interactive e-tailers,$2.24
Soup Campbells Turkey Veg.,false,96,benchmark 24/7 bandwidth,$8.55
Chip - Potato Dill Pickle,false,23,redefine out-of-the-box platforms,$7.88
Catfish - Fillets,false,58,deploy dynamic vortals,$9.27
"Salt - Rock, Course",false,74,scale cross-platform infomediaries,$7.47
Oven Mitt - 13 Inch,false,20,productize 24/365 e-commerce,$3.78
Tomatillo,true,56,grow proactive action-items,$4.92
"Beans - Black Bean, Dry",true,31,engineer seamless functionalities,$3.81
Beer - Camerons Cream Ale,true,89,envisioneer ubiquitous niches,$6.74
Dried Figs,true,54,redefine turn-key markets,$5.77
Veal - Heart,false,73,cultivate robust niches,$3.27
Coffee - Almond Amaretto,false,41,exploit dynamic e-tailers,$5.22
Cardamon Ground,false,29,engage sexy relationships,$4.16
Glove - Cutting,false,100,utilize end-to-end technologies,$8.65
"Salmon - Smoked, Sliced",true,67,grow vertical e-business,$8.21
Pears - Anjou,true,71,extend intuitive web-readiness,$9.35
Chicken - Livers,false,60,utilize visionary e-tailers,$9.02
"Bread - Crumbs, Bulk",true,30,synergize efficient platforms,$6.62
Squid - Tubes / Tenticles 10/20,false,32,enable holistic e-services,$4.19
Wine - Valpolicella Masi,true,42,orchestrate transparent relationships,$7.94
Chocolate - Dark,false,37,incubate best-of-breed supply-chains,$8.92
"Wine - White, Cooking",true,41,target real-time infomediaries,$8.40
"Stock - Chicken, White",true,100,seize revolutionary initiatives,$5.20
Chocolate - Mi - Amere Semi,false,70,target innovative deliverables,$6.58
Langers - Cranberry Cocktail,true,45,productize transparent action-items,$7.37
Flour - Rye,false,42,drive viral communities,$2.21
Chicken - Soup Base,true,23,innovate virtual eyeballs,$7.92
Wine - Muscadet Sur Lie,false,21,brand collaborative schemas,$6.44
Sausage - Andouille,false,80,harness value-added supply-chains,$8.53
Orange Roughy 4/6 Oz,true,45,leverage dot-com applications,$5.21
Cod - Fillets,true,35,empower one-to-one vortals,$9.81
Coffee - Ristretto Coffee Capsule,true,43,reinvent transparent deliverables,$3.56
Madeira,true,37,embrace bricks-and-clicks ROI,$2.75
Puree - Pear,false,57,implement front-end eyeballs,$7.16
Appetizer - Assorted Box,true,72,streamline user-centric models,$5.24
Chicken Giblets,false,37,transition interactive models,$3.57
Chicken Breast Halal,false,70,revolutionize compelling users,$9.24
"Coffee - Beans, Whole",true,19,strategize leading-edge vortals,$7.76
Sage - Fresh,false,91,incentivize cross-media partnerships,$5.50
Puree - Strawberry,true,65,utilize interactive metrics,$2.81
Thyme - Fresh,true,63,visualize best-of-breed eyeballs,$6.91
"Veal - Brisket, Provimi,bnls",false,97,unleash bricks-and-clicks bandwidth,$6.88
Carbonated Water - White Grape,true,42,target wireless paradigms,$2.25
Mortadella,true,16,deliver web-enabled models,$6.21
Wheat - Soft Kernal Of Wheat,false,43,architect virtual convergence,$7.00
Orange Roughy 4/6 Oz,false,78,cultivate rich models,$6.57
Tomatoes Tear Drop,false,31,redefine 24/7 bandwidth,$5.49
Beer - Camerons Auburn,true,64,cultivate value-added mindshare,$7.15
"Olives - Black, Pitted",false,14,architect wireless e-markets,$6.40
Wine - Sauvignon Blanc,false,73,recontextualize visionary partnerships,$6.82
Chocolate - Chips Compound,true,38,matrix web-enabled paradigms,$2.13
Table Cloth 62x114 Colour,false,81,monetize bleeding-edge e-business,$7.78
Egg Patty Fried,false,17,unleash visionary bandwidth,$2.18
Wine - Magnotta - Belpaese,false,27,deliver scalable bandwidth,$9.72
Barley - Pearl,false,67,deliver vertical deliverables,$5.93
Creme De Cacao White,false,22,recontextualize 24/7 ROI,$4.89
Lady Fingers,false,90,leverage vertical models,$4.51
"Soup - Campbells, Creamy",true,10,repurpose magnetic platforms,$9.60
Mushroom - Lg - Cello,false,42,evolve granular e-tailers,$3.64
Filter - Coffee,true,37,matrix visionary initiatives,$5.75
"Artichoke - Hearts, Canned",true,38,streamline rich content,$5.07
Wine - Periguita Fonseca,false,53,engineer strategic architectures,$5.48
Pork - Backs - Boneless,true,52,generate mission-critical action-items,$2.45
Grouper - Fresh,false,67,deliver innovative paradigms,$8.97
Dome Lid Clear P92008h,false,27,embrace out-of-the-box markets,$5.09
Coffee Swiss Choc Almond,true,90,facilitate viral partnerships,$5.28
Soup - Campbells Bean Medley,false,21,enable turn-key networks,$7.39
Wine - Prosecco Valdobiaddene,false,49,productize turn-key web-readiness,$7.40
Ginger - Pickled,false,47,transform dynamic e-tailers,$4.88
"Bar Mix - Pina Colada, 355 Ml",false,15,generate world-class initiatives,$9.64
"Water - Mineral, Natural",true,16,envisioneer open-source platforms,$3.46
Rice - Jasmine Sented,false,62,productize front-end e-tailers,$8.29
"Cheese - Mozzarella, Shredded",false,87,harness collaborative ROI,$5.83
Milk - Skim,false,100,revolutionize bleeding-edge communities,$4.00
Beef - Bresaola,false,65,revolutionize customized initiatives,$7.03
Container - Clear 32 Oz,true,54,envisioneer out-of-the-box platforms,$4.63
Beans - Fava Fresh,true,100,scale plug-and-play eyeballs,$8.26
"Soup - Beef, Base Mix",true,28,aggregate out-of-the-box web-readiness,$5.96
Wine - Prosecco Valdobiaddene,false,44,architect 24/7 infomediaries,$3.39
Cheese - Ricotta,true,18,aggregate ubiquitous communities,$4.27
Baking Powder,false,28,morph one-to-one platforms,$5.80
"Wine - Red, Cabernet Merlot",false,55,synthesize visionary models,$4.97
"Rum - White, Gg White",false,31,drive scalable eyeballs,$9.18
"Soup - Beef, Base Mix",false,34,unleash integrated partnerships,$4.80
Cactus Pads,true,97,morph e-business networks,$2.51
Butter - Unsalted,false,90,deploy seamless architectures,$5.50
"Crab - Back Fin Meat, Canned",true,86,implement global technologies,$7.30
"Rum - Light, Captain Morgan",false,26,syndicate cross-media supply-chains,$4.47
"Cake Circle, Paprus",false,13,matrix B2B initiatives,$9.11
Vacuum Bags 12x16,true,77,revolutionize scalable applications,$5.87
Wood Chips - Regular,false,32,embrace rich architectures,$8.26
Foam Espresso Cup Plain White,true,98,maximize magnetic functionalities,$4.06
Wine - Two Oceans Sauvignon,true,20,facilitate synergistic e-services,$4.60
Remy Red Berry Infusion,true,88,iterate holistic experiences,$4.28
Lid Tray - 16in Dome,false,83,synergize integrated e-markets,$6.92
"Bread - Rolls, Rye",true,35,monetize seamless systems,$4.83
"Chilli Paste, Ginger Garlic",true,91,engineer world-class methodologies,$4.69
Peas - Frozen,true,30,iterate sexy web services,$9.94
Pork - Belly Fresh,true,40,deliver B2C functionalities,$4.77
Oven Mitts - 15 Inch,false,26,evolve user-centric methodologies,$5.36
Cheese - Comtomme,true,89,enhance dynamic models,$3.05
Daikon Radish,false,23,repurpose one-to-one relationships,$5.67
"Bread - Multigrain, Loaf",false,10,scale global initiatives,$3.11
"Veal - Inside, Choice",true,36,envisioneer seamless systems,$4.97
Oil - Peanut,true,70,utilize world-class functionalities,$2.63
Mushroom - Chanterelle Frozen,false,76,orchestrate viral ROI,$5.54
Yogurt - Assorted Pack,false,43,generate distributed systems,$2.54
"Pasta - Fusili, Dry",true,40,maximize vertical vortals,$4.10
"Wine - White, Pelee Island",true,60,embrace efficient e-services,$8.84
Green Scrubbie Pad H.duty,true,37,extend ubiquitous channels,$2.99
Beer - Blue Light,false,89,engage innovative communities,$8.77
"Sauce - Black Current, Dry Mix",false,18,drive web-enabled e-business,$4.80
Chickhen - Chicken Phyllo,true,81,transform world-class content,$8.24
"Ecolab - Orange Frc, Cleaner",true,90,synthesize transparent networks,$8.61
"Stock - Beef, Brown",false,59,cultivate front-end vortals,$4.25
Wine - Zonnebloem Pinotage,true,50,expedite visionary functionalities,$8.96
Bar - Sweet And Salty Chocolate,false,19,envisioneer rich e-tailers,$7.72
"Bread - White, Unsliced",false,24,deliver leading-edge niches,$7.22
Cocoa Powder - Dutched,true,47,implement compelling ROI,$2.06
Bar - Sweet And Salty Chocolate,true,53,monetize cutting-edge web-readiness,$3.37
Beef - Diced,true,62,iterate cross-platform interfaces,$4.41
Salt And Pepper Mix - Black,true,79,monetize frictionless methodologies,$5.31
Trout Rainbow Whole,false,16,envisioneer magnetic web-readiness,$6.61
Wine - Puligny Montrachet A.,false,88,innovate holistic vortals,$3.64
Oil - Cooking Spray,true,45,iterate collaborative networks,$2.46
Wine - Manischewitz Concord,true,98,target strategic bandwidth,$6.49
Beer - Original Organic Lager,false,48,seize cutting-edge interfaces,$4.61
Shrimp - 31/40,false,80,innovate cross-platform e-services,$8.29
Lotus Root,false,75,facilitate synergistic e-commerce,$8.99
Sambuca - Opal Nera,true,96,reinvent holistic synergies,$3.59
"Pork - Loin, Boneless",true,80,transition holistic technologies,$8.86
Cheese - Mascarpone,true,23,brand extensible channels,$8.01
"Beef - Rouladin, Sliced",true,63,e-enable one-to-one users,$6.46
Beef - Bresaola,true,59,whiteboard enterprise eyeballs,$3.98
Soap - Hand Soap,false,97,strategize B2B web services,$5.71
Potatoes - Mini Red,false,54,exploit cross-media technologies,$5.52
Wine - Chateau Aqueria Tavel,false,25,enable next-generation niches,$7.95
Beer - Sleemans Honey Brown,false,83,envisioneer granular supply-chains,$7.43
Puree - Passion Fruit,true,16,whiteboard innovative e-commerce,$7.19
Wine - Pinot Noir Stoneleigh,true,67,integrate e-business communities,$2.04
Amaretto,true,45,enable granular platforms,$7.17
Cloves - Ground,false,46,facilitate granular e-commerce,$8.02
Bag - Clear 7 Lb,true,22,cultivate viral e-services,$8.37
"Soup - Campbells, Butternut",true,61,facilitate value-added infrastructures,$6.04
"Soup - Beef, Base Mix",false,88,expedite ubiquitous infrastructures,$8.61
Rappini - Andy Boy,true,36,grow distributed convergence,$3.91
Plate Pie Foil,true,25,transform collaborative vortals,$7.41
Flour - Masa De Harina Mexican,false,42,orchestrate global networks,$9.52
"Nestea - Ice Tea, Diet",true,17,harness clicks-and-mortar paradigms,$3.47
Pectin,false,85,e-enable bleeding-edge partnerships,$8.47
Tarragon - Fresh,false,25,strategize mission-critical ROI,$7.70
"Nut - Chestnuts, Whole",true,35,deliver extensible supply-chains,$2.68
"Pork - Loin, Bone - In",false,93,engage sticky schemas,$2.93
Langers - Cranberry Cocktail,false,33,transition wireless networks,$2.11
Olives - Nicoise,true,74,exploit scalable schemas,$7.59
Absolut Citron,true,56,repurpose compelling eyeballs,$4.50
Beans - Butter Lrg Lima,true,69,incentivize integrated interfaces,$4.49
Mushroom Morel Fresh,false,56,monetize bricks-and-clicks web-readiness,$4.19
Onions - Red,false,63,implement ubiquitous schemas,$6.26
Puff Pastry - Sheets,true,90,benchmark one-to-one infrastructures,$2.79
Cakes Assorted,false,99,deploy impactful web-readiness,$7.16
Lettuce - Iceberg,false,93,target bricks-and-clicks systems,$4.06
"Soup - Beef Conomme, Dry",false,98,unleash web-enabled functionalities,$9.42
"Wine - White, Pelee Island",false,94,expedite 24/365 experiences,$9.03
"Coconut - Creamed, Pure",false,64,empower scalable deliverables,$5.82
Flower - Commercial Bronze,true,47,revolutionize scalable mindshare,$3.74
Ice Cream - Strawberry,false,10,reintermediate web-enabled relationships,$3.55
Bok Choy - Baby,true,91,engage revolutionary ROI,$5.74
Sour Cream,true,86,scale B2C platforms,$3.93
Squeeze Bottle,false,43,exploit visionary vortals,$3.48
Sprouts - Peppercress,false,64,engage wireless schemas,$5.16
Avocado,false,80,engineer dynamic models,$6.87
Cup - 8oz Coffee Perforated,false,77,expedite enterprise web-readiness,$5.09
Milk - 2%,false,84,deploy frictionless content,$5.64
Mangostein,true,80,syndicate cutting-edge mindshare,$3.26
Chicken - Ground,true,94,visualize holistic bandwidth,$2.09
Calypso - Black Cherry Lemonade,false,80,deliver intuitive supply-chains,$8.92
Muffin Hinge 117n,false,30,enable transparent e-commerce,$7.55
Water - Green Tea Refresher,true,75,reinvent world-class partnerships,$4.13
Spinach - Packaged,false,10,engage wireless e-services,$5.84
Compound - Raspberry,true,20,recontextualize strategic solutions,$6.95
Sprouts - Peppercress,false,45,visualize ubiquitous experiences,$8.21
"Lamb - Loin, Trimmed, Boneless",true,66,deliver clicks-and-mortar e-commerce,$8.46
"Lemonade - Mandarin, 591 Ml",true,11,engineer innovative markets,$9.09
Oil - Olive Bertolli,true,68,brand holistic infomediaries,$7.08
Ice Cream - Chocolate,false,95,benchmark ubiquitous e-tailers,$9.13
Jerusalem Artichoke,false,27,architect next-generation vortals,$5.65
Coffee Caramel Biscotti,false,73,optimize world-class web services,$5.33
Shrimp - Black Tiger 13/15,false,13,reintermediate seamless relationships,$2.71
"Vodka - Hot, Lnferno",true,38,benchmark customized convergence,$5.87
Apricots Fresh,true,47,morph sexy users,$4.05
Pepper - Red Bell,false,40,benchmark killer infrastructures,$5.04
Burger Veggie,false,45,drive efficient ROI,$9.22
Cheese - Mascarpone,false,81,e-enable frictionless ROI,$7.12
Wine - Domaine Boyar Royal,true,22,maximize mission-critical synergies,$6.71
Beans - Butter Lrg Lima,false,73,reinvent efficient action-items,$5.74
Bread - French Stick,true,42,integrate efficient solutions,$9.63
Glycerine,false,26,empower real-time convergence,$6.81
Lettuce - Radicchio,true,51,deploy user-centric schemas,$2.57
Juice - V8 Splash,false,86,revolutionize turn-key mindshare,$2.71
Table Cloth 53x53 White,false,56,implement enterprise mindshare,$4.30
"Lamb - Loin, Trimmed, Boneless",false,20,transform vertical partnerships,$2.58
Smoked Paprika,false,36,orchestrate e-business convergence,$6.48
"Rosemary - Primerba, Paste",false,17,transition plug-and-play interfaces,$7.41
V8 - Vegetable Cocktail,false,52,morph visionary deliverables,$5.68
"Pasta - Spaghetti, Dry",false,40,integrate impactful architectures,$2.41
Sea Bass - Fillets,true,25,engage seamless communities,$9.77
Cheese - Camembert,true,83,deploy wireless metrics,$2.71
"Salmon - Whole, 4 - 6 Pounds",false,81,repurpose granular web-readiness,$9.27
Salmon Steak - Cohoe 8 Oz,true,90,disintermediate intuitive supply-chains,$8.58
Sugar - Individual Portions,true,74,synthesize clicks-and-mortar metrics,$8.97
Flower - Commercial Bronze,false,60,synergize B2C methodologies,$2.26
Bagel - Sesame Seed Presliced,true,45,integrate front-end systems,$7.54
"Pork - Tenderloin, Frozen",false,83,synthesize world-class deliverables,$5.31
Curry Paste - Madras,true,57,seize wireless deliverables,$4.21
Tuna - Yellowfin,false,83,embrace customized systems,$4.89
"Nut - Chestnuts, Whole",false,77,target open-source initiatives,$3.51
Glycerine,false,81,expedite customized communities,$9.53
Pork - Inside,true,90,redefine clicks-and-mortar applications,$6.68
Water - Perrier,false,22,architect impactful experiences,$2.58
Soup Knorr Chili With Beans,false,85,revolutionize distributed niches,$7.71
Cornflakes,true,76,reinvent synergistic models,$3.07
Energy Drink - Redbull 355ml,false,32,exploit end-to-end interfaces,$3.64
Goldschalger,true,18,empower best-of-breed models,$9.83
Ginger - Ground,true,27,maximize efficient interfaces,$3.75
Beer - Camerons Cream Ale,true,67,integrate virtual web-readiness,$8.49
Wine - Toasted Head,true,13,reinvent best-of-breed eyeballs,$2.62
"Club Soda - Schweppes, 355 Ml",false,62,synergize user-centric web services,$9.83
Sponge Cake Mix - Vanilla,true,69,leverage seamless eyeballs,$7.18
Pepper - Red Chili,true,40,empower virtual methodologies,$5.20
Lamb Rack - Ontario,true,56,e-enable cross-media initiatives,$9.01
"Soup - Cream Of Broccoli, Dry",false,97,recontextualize scalable networks,$8.02
Beef Wellington,true,20,mesh seamless infrastructures,$4.70
Soup - Campbells Chili,false,85,utilize customized portals,$8.47
Rosemary - Dry,true,75,innovate cutting-edge eyeballs,$2.32
"Appetizer - Spring Roll, Veg",true,32,envisioneer cross-platform infomediaries,$6.31
Beef - Tender Tips,true,67,reintermediate innovative bandwidth,$8.32
Wine - Sogrape Mateus Rose,false,19,orchestrate scalable partnerships,$9.68
Flour Pastry Super Fine,false,36,extend bricks-and-clicks relationships,$6.23
Mikes Hard Lemonade,false,99,synthesize interactive functionalities,$5.49
Butcher Twine 4r,false,84,integrate cross-platform users,$2.74
Instant Coffee,true,70,architect proactive e-commerce,$9.86
Buttons,false,77,e-enable front-end eyeballs,$7.04
Soup - Campbells - Chicken Noodle,false,58,iterate bricks-and-clicks models,$4.08
Ginsing - Fresh,false,100,streamline viral platforms,$7.36
Longos - Burritos,false,88,transition intuitive interfaces,$7.45
Buffalo - Striploin,true,46,incubate end-to-end infomediaries,$5.08
"Wine - Red, Lurton Merlot De",true,33,cultivate interactive eyeballs,$2.87
Appetizer - Southwestern,true,100,monetize cross-media solutions,$2.26
Pork - Smoked Back Bacon,true,69,reintermediate next-generation initiatives,$4.00
Flounder - Fresh,false,56,benchmark intuitive infomediaries,$4.12
Chick Peas - Canned,false,33,leverage world-class web services,$8.80
"Bread - Pumpernickle, Rounds",true,33,grow impactful web services,$2.27
Pepper - Green,true,77,e-enable strategic mindshare,$6.74
Fruit Salad Deluxe,true,60,integrate vertical paradigms,$3.41
Pasta - Canelloni,false,56,mesh dot-com partnerships,$9.57
"Octopus - Baby, Cleaned",false,65,transform collaborative models,$4.18
Cookie Chocolate Chip With,true,89,facilitate bricks-and-clicks experiences,$3.17
Juice - Prune,true,15,mesh ubiquitous portals,$3.97
Truffle - Peelings,false,16,generate cross-platform architectures,$2.85
Chervil - Fresh,true,84,embrace killer interfaces,$5.72
Hot Chocolate - Individual,true,41,transform back-end synergies,$9.06
Cheese - Ermite Bleu,false,47,whiteboard enterprise models,$4.90
Prunes - Pitted,true,92,repurpose transparent deliverables,$2.73
V8 - Vegetable Cocktail,true,72,matrix frictionless mindshare,$6.02
Cheese - St. Andre,true,90,enable compelling solutions,$8.82
Pepper - Green Thai,false,38,aggregate compelling infrastructures,$9.93
Wine La Vielle Ferme Cote Du,true,79,scale best-of-breed content,$6.48
Pastry - Lemon Danish - Mini,false,92,disintermediate dot-com ROI,$4.55
"Wine - White, Mosel Gold",false,26,mesh mission-critical e-markets,$3.23
Pork - Backs - Boneless,true,76,whiteboard best-of-breed users,$6.47
"Cheese - Romano, Grated",true,21,seize impactful metrics,$4.46
Oil - Olive Bertolli,true,54,enable rich technologies,$9.71
Apron,false,80,incubate bleeding-edge interfaces,$7.43
Wonton Wrappers,true,96,incentivize cross-media interfaces,$8.82
"Chicken - Leg, Boneless",true,79,visualize bleeding-edge deliverables,$4.02
General Purpose Trigger,false,37,mesh cross-media paradigms,$9.28
"Noodles - Cellophane, Thin",false,33,orchestrate rich niches,$9.36
Bread - Kimel Stick Poly,false,21,reinvent strategic e-commerce,$7.01
Pails With Lids,false,81,envisioneer user-centric solutions,$9.07
Duck - Fat,true,25,strategize best-of-breed paradigms,$8.96
Crab Meat Claw Pasteurise,false,38,target cutting-edge markets,$3.20
Taro Root,false,35,aggregate revolutionary technologies,$8.44
Pepper Squash,true,75,generate sticky architectures,$3.98
Cranberries - Dry,false,52,seize ubiquitous infomediaries,$4.00
Kohlrabi,true,82,recontextualize bricks-and-clicks deliverables,$6.90
Carbonated Water - Wildberry,false,50,monetize one-to-one content,$3.66
Honey - Lavender,true,29,exploit distributed infrastructures,$8.62
Appetizer - Assorted Box,false,28,whiteboard best-of-breed e-business,$7.51
Bread - Raisin Walnut Oval,true,21,unleash B2B action-items,$6.46
Creme De Cacao White,true,98,iterate B2C initiatives,$3.98
Pear - Asian,false,93,iterate visionary eyeballs,$3.45
Monkfish Fresh - Skin Off,false,12,repurpose strategic eyeballs,$9.09
Beef Cheek Fresh,false,20,engage end-to-end experiences,$9.18
Turkey Tenderloin Frozen,false,60,architect holistic convergence,$7.40
Rum - Mount Gay Eclipes,true,37,brand seamless bandwidth,$4.87
Foam Espresso Cup Plain White,true,86,enable customized bandwidth,$4.02
"Mushroom - Enoki, Dry",true,89,scale robust e-services,$6.00
Muffin Mix - Morning Glory,true,99,drive value-added vortals,$4.24
Wine - Chardonnay South,false,100,seize best-of-breed infomediaries,$9.20
Sprouts - Alfalfa,true,96,morph value-added communities,$5.72
"Cheese - Manchego, Spanish",true,11,enhance proactive paradigms,$4.00
Daikon Radish,true,100,drive world-class users,$9.99
Dried Peach,true,15,engineer enterprise schemas,$6.61
Dr. Pepper - 355ml,false,92,target leading-edge methodologies,$6.74
Wine - Acient Coast Caberne,true,63,implement best-of-breed partnerships,$9.82
Muffin Batt - Choc Chk,true,65,target transparent platforms,$3.95
Lamb Tenderloin Nz Fr,false,45,reinvent customized niches,$6.65
Buffalo - Short Rib Fresh,true,50,engineer clicks-and-mortar e-business,$9.38
Flour - Rye,true,98,mesh revolutionary e-tailers,$7.60
Ecolab - Solid Fusion,false,45,optimize enterprise bandwidth,$5.05
Plastic Wrap,true,94,orchestrate wireless content,$5.94
Muffin Mix - Banana Nut,true,79,engage proactive platforms,$9.57
"Juice - Clamato, 341 Ml",true,73,maximize distributed e-commerce,$5.15
Beef - Flank Steak,false,37,exploit mission-critical niches,$9.12
Fennel - Seeds,false,77,deploy leading-edge relationships,$6.32
Mikes Hard Lemonade,true,66,innovate distributed platforms,$9.14
Oil - Peanut,false,45,empower magnetic functionalities,$6.60
Ham - Cooked Italian,true,24,maximize sticky mindshare,$2.75
Wine - Rhine Riesling Wolf Blass,true,27,implement transparent users,$6.35
Dried Apple,true,66,brand cutting-edge e-business,$7.25
"Lamb - Pieces, Diced",true,55,productize integrated eyeballs,$5.66
Wine - Piper Heidsieck Brut,true,97,whiteboard dot-com users,$7.77
"Sparkling Wine - Rose, Freixenet",true,52,evolve back-end applications,$2.27
"Ham - Smoked, Bone - In",true,15,implement next-generation technologies,$5.07
Soupcontfoam16oz 116con,true,78,seize wireless portals,$9.68
Oil - Pumpkinseed,false,56,maximize granular applications,$7.34
Puree - Mocha,false,92,productize 24/7 e-services,$9.62
Potatoes - Idaho 80 Count,false,74,seize visionary schemas,$2.59
Milk - 1%,true,66,mesh global deliverables,$3.95
"Bread - Rolls, Corn",true,30,implement back-end solutions,$6.23
"Pasta - Cannelloni, Sheets, Fresh",false,33,reintermediate impactful e-markets,$2.86
Tomatoes - Hot House,true,79,revolutionize extensible eyeballs,$4.80
Truffle Cups - Red,true,94,empower plug-and-play action-items,$9.51
Rye Special Old,true,59,implement user-centric users,$7.58
Cheese - La Sauvagine,false,19,incubate next-generation markets,$7.70
Spice - Paprika,false,92,transform plug-and-play architectures,$4.37
Almonds Ground Blanched,false,64,innovate sexy relationships,$8.85
Sausage - Chorizo,false,52,embrace real-time ROI,$4.41
Honey - Lavender,true,55,synergize innovative supply-chains,$8.25
Olive - Spread Tapenade,false,42,engage impactful methodologies,$6.17
"Bread - White, Sliced",false,59,aggregate B2C mindshare,$3.59
"Wine - Cahors Ac 2000, Clos",true,23,envisioneer ubiquitous solutions,$9.05
"Juice - Tomato, 48 Oz",true,45,brand out-of-the-box paradigms,$3.72
"Iced Tea - Lemon, 340ml",false,47,drive best-of-breed experiences,$5.93
Flower - Dish Garden,false,60,syndicate B2C ROI,$5.57
Goat - Whole Cut,false,62,innovate plug-and-play methodologies,$4.77
"Soup - Cream Of Broccoli, Dry",false,68,optimize holistic systems,$5.54
Water - Aquafina Vitamin,true,44,aggregate vertical technologies,$7.60
Tray - 12in Rnd Blk,false,81,target enterprise infrastructures,$8.79
Sauce - Mint,true,53,grow 24/365 metrics,$3.30
Energy Drink - Franks Original,false,90,transition dynamic web services,$7.56
Ocean Spray - Kiwi Strawberry,false,51,whiteboard next-generation convergence,$5.50
Carroway Seed,false,58,optimize scalable methodologies,$8.99
"Veal - Brisket, Provimi,bnls",false,99,aggregate sticky architectures,$2.23
Butter Balls Salted,true,44,expedite B2B users,$8.56
Lemon Pepper,false,34,transform seamless ROI,$5.49
Green Tea Refresher,true,23,leverage sticky content,$4.66
Parsley Italian - Fresh,true,76,facilitate scalable vortals,$9.77
Apple - Royal Gala,true,38,integrate bricks-and-clicks infrastructures,$9.45
Wine - Cava Aria Estate Brut,true,79,enhance rich e-tailers,$4.39
Bread - Pain Au Liat X12,true,90,morph value-added e-markets,$9.98
Pork - Belly Fresh,true,91,generate clicks-and-mortar infrastructures,$7.91
Salmon Steak - Cohoe 6 Oz,false,94,brand frictionless solutions,$5.09
Chicken - Livers,false,74,reinvent ubiquitous interfaces,$2.48
"Beans - Black Bean, Preserved",false,63,scale intuitive bandwidth,$4.40
"Soup - Canadian Pea, Dry Mix",true,67,generate 24/7 schemas,$8.25
"Doilies - 10, Paper",false,29,architect best-of-breed solutions,$4.66
"Bread - Roll, Canadian Dinner",true,84,enhance next-generation web-readiness,$9.07
"Wine - Magnotta, Merlot Sr Vqa",false,66,deploy extensible paradigms,$8.15
Bread - Raisin,true,23,repurpose holistic schemas,$5.19
Rolled Oats,true,97,engage best-of-breed metrics,$7.02
Parsley - Dried,false,49,cultivate cutting-edge relationships,$5.26
Pears - Bosc,false,14,synthesize vertical solutions,$4.05
Mushrooms - Honey,true,92,expedite cutting-edge interfaces,$5.45
Wine - Ruffino Chianti,true,67,utilize integrated convergence,$7.13
Milk - Homo,false,90,integrate efficient portals,$5.92
"Stock - Veal, White",false,87,disintermediate seamless communities,$4.29
Lobster - Base,false,14,aggregate cross-platform e-tailers,$8.44
Lid - 0090 Clear,true,33,embrace end-to-end action-items,$5.80
Beer - Molson Excel,false,100,harness clicks-and-mortar e-services,$5.56
Magnotta Bel Paese Red,false,53,visualize dot-com interfaces,$4.27
Appetizer - Lobster Phyllo Roll,false,24,reintermediate compelling applications,$4.26
Bread - 10 Grain Parisian,true,79,transition cross-platform bandwidth,$7.89
Foam Tray S2,true,15,e-enable sticky e-markets,$3.39
Pasta - Agnolotti - Butternut,true,36,enable mission-critical bandwidth,$7.94
Chocolate - Sugar Free Semi Choc,false,67,brand compelling infomediaries,$3.58
Chickensplit Half,false,27,incentivize interactive solutions,$8.37
Lamb - Loin Chops,false,57,enhance intuitive communities,$8.56
Nantucket - 518ml,true,44,generate efficient action-items,$5.32
Coffee - Decafenated,false,64,morph bleeding-edge relationships,$5.93
Chicken - Wieners,false,68,incubate 24/365 supply-chains,$2.49
Paper - Brown Paper Mini Cups,true,40,monetize virtual infrastructures,$2.58
Wine - Puligny Montrachet A.,true,33,monetize extensible web services,$4.15
Pastry - French Mini Assorted,true,67,iterate interactive web-readiness,$2.07
Crab - Meat,false,65,streamline strategic relationships,$6.02
Steampan - Half Size Shallow,false,94,engineer e-business initiatives,$9.04
Olives - Morracan Dired,false,88,implement one-to-one markets,$8.46
Vinegar - White,true,92,synthesize value-added methodologies,$3.90
Pear - Packum,false,96,streamline next-generation convergence,$3.11
Sauce - Plum,false,74,target efficient web-readiness,$6.75
"Pasta - Lasagna Noodle, Frozen",true,10,recontextualize turn-key communities,$8.12
"Pasta - Fusili, Dry",false,83,mesh integrated experiences,$3.07
Curry Paste - Madras,false,32,deploy magnetic networks,$4.54
Eggplant Italian,true,100,innovate synergistic web services,$2.57
Wine - Penfolds Koonuga Hill,false,67,drive cross-media e-tailers,$4.55
"Beef - Rib Roast, Capless",false,77,visualize best-of-breed e-tailers,$4.06
Transfer Sheets,true,65,extend efficient bandwidth,$5.19
Cookie Dough - Chunky,true,19,evolve bleeding-edge action-items,$2.73
Sugar - Individual Portions,true,87,generate B2C e-commerce,$6.69
Apricots Fresh,true,84,maximize mission-critical e-tailers,$7.98
Foam Cup 6 Oz,false,36,embrace vertical infrastructures,$5.85
Muffin Mix - Oatmeal,false,46,orchestrate revolutionary infomediaries,$5.65
Flour - Strong,false,35,innovate one-to-one users,$4.03
"Soup - Canadian Pea, Dry Mix",true,98,synthesize wireless bandwidth,$3.01
Bagelers - Cinn / Brown Sugar,true,24,incubate revolutionary schemas,$3.69
Vaccum Bag - 14x20,true,20,synergize seamless vortals,$6.32
Rice - Wild,false,30,reintermediate end-to-end experiences,$2.85
Table Cloth 72x144 White,false,33,monetize cross-platform channels,$9.94
Puree - Kiwi,false,86,transition killer platforms,$3.41
Glass Clear 7 Oz Xl,true,22,recontextualize scalable portals,$8.19
Veal - Slab Bacon,false,47,scale plug-and-play mindshare,$7.48
Gherkin,true,54,disintermediate efficient methodologies,$2.77
Wine - Cabernet Sauvignon,true,30,reinvent user-centric technologies,$6.34
Barramundi,true,40,strategize value-added schemas,$3.70
Chocolate - Semi Sweet,false,78,transition vertical functionalities,$2.16
Godiva White Chocolate,false,18,extend bleeding-edge experiences,$3.41
Loquat,false,68,syndicate impactful experiences,$4.71
Coffee - Hazelnut Cream,true,66,target bricks-and-clicks content,$9.27
Stainless Steel Cleaner Vision,false,29,streamline open-source solutions,$9.87
Bagel - Everything Presliced,false,38,integrate e-business systems,$5.41
Wine - Clavet Saint Emilion,true,39,repurpose viral technologies,$6.12
Cheese - Grie Des Champ,false,50,target integrated solutions,$4.16
"Wine - White, Riesling, Semi - Dry",true,97,visualize e-business e-commerce,$3.40
Pepper Squash,true,23,matrix innovative networks,$9.28
Alize Sunset,false,99,leverage out-of-the-box mindshare,$5.73
Green Scrubbie Pad H.duty,false,34,harness leading-edge technologies,$6.48
"Beans - Kidney, Red Dry",false,44,envisioneer robust bandwidth,$2.93
Spice - Peppercorn Melange,true,79,unleash holistic applications,$3.80
Lettuce - Belgian Endive,true,56,deploy synergistic relationships,$7.93
Puff Pastry - Sheets,false,98,matrix cutting-edge metrics,$3.81
Pail For Lid 1537,true,46,enhance distributed deliverables,$9.41
Mushroom - Lg - Cello,false,86,cultivate vertical portals,$4.59
Lettuce - California Mix,true,52,whiteboard distributed bandwidth,$9.02
"Plate - Foam, Bread And Butter",true,82,repurpose clicks-and-mortar e-business,$7.95
Wine - Chateau Aqueria Tavel,false,19,disintermediate open-source models,$7.38
"Pasta - Bauletti, Chicken White",false,58,matrix global applications,$8.91
Turnip - Wax,false,48,enable plug-and-play architectures,$2.25
Tart - Lemon,false,85,deliver distributed applications,$8.91
Sultanas,true,19,exploit value-added models,$7.18
Beef - Tender Tips,true,76,optimize plug-and-play niches,$6.41
Chutney Sauce - Mango,true,92,enhance efficient architectures,$7.06
Cinnamon Buns Sticky,false,24,streamline global vortals,$5.74
Bar Mix - Lime,false,15,transform scalable users,$5.30
"Pasta - Fett Alfredo, Single Serve",true,72,unleash distributed interfaces,$7.99
"Tomatoes - Diced, Canned",true,29,embrace open-source eyeballs,$3.17
"Jam - Blackberry, 20 Ml Jar",false,37,scale mission-critical platforms,$7.01
Filo Dough,true,43,architect one-to-one applications,$9.76
Bread - French Stick,false,38,optimize world-class methodologies,$7.98
Appetiser - Bought,true,67,engage virtual experiences,$4.00
Guava,true,68,engineer visionary eyeballs,$2.69
Venison - Liver,true,32,drive 24/7 e-business,$2.01
Soup Campbells - Tomato Bisque,false,73,enable one-to-one markets,$2.85
"Garlic - Primerba, Paste",false,79,mesh leading-edge schemas,$9.60
Pickles - Gherkins,true,24,drive plug-and-play ROI,$7.61
Bread - Calabrese Baguette,false,41,grow mission-critical synergies,$6.77
Shrimp - Black Tiger 6 - 8,false,25,orchestrate dynamic partnerships,$6.00
Tea - Green,false,31,enable plug-and-play models,$7.67
Pork - Backs - Boneless,true,83,expedite vertical web services,$5.88
Oven Mitts 17 Inch,true,27,target collaborative supply-chains,$8.36
Onion - Dried,false,43,incubate web-enabled partnerships,$3.74
"Wine - White, Lindemans Bin 95",false,79,integrate viral niches,$9.42
Truffle Cups - Brown,false,24,facilitate web-enabled applications,$3.30
Cattail Hearts,false,74,repurpose clicks-and-mortar markets,$4.69
Pate Pans Yellow,false,87,synthesize robust channels,$8.03
Bread - Multigrain Oval,true,92,deliver sticky interfaces,$4.14
"Wine - White, Concha Y Toro",true,45,engineer open-source initiatives,$8.47
Chips Potato All Dressed - 43g,true,57,exploit frictionless infrastructures,$8.10
Dc - Sakura Fu,false,49,syndicate efficient partnerships,$2.89
Praline Paste,true,84,mesh sticky channels,$3.75
Lamb - Rack,false,98,grow one-to-one communities,$4.59
Wine - Ruffino Chianti Classico,false,94,aggregate dynamic metrics,$5.80
Ham - Cooked Bayonne Tinned,false,48,synthesize proactive content,$5.93
Tequila - Sauza Silver,true,37,scale compelling platforms,$9.87
Chevere Logs,true,14,orchestrate frictionless mindshare,$4.01
"Olives - Green, Pitted",true,63,drive leading-edge portals,$5.03
Ice Cream Bar - Rolo Cone,true,62,engage one-to-one e-tailers,$3.43
"Beef - Ox Tail, Frozen",false,48,benchmark one-to-one platforms,$8.97
Wine - Pinot Noir Pond Haddock,false,48,synthesize innovative initiatives,$3.23
"Chicken - Thigh, Bone In",false,91,scale bleeding-edge content,$6.26
"Mushrooms - Black, Dried",false,35,target web-enabled e-commerce,$7.68
"Beer - Alexander Kieths, Pale Ale",true,97,brand sticky technologies,$2.93
Pastry - Raisin Muffin - Mini,true,29,brand 24/7 communities,$3.79
"Radish - Black, Winter, Organic",false,77,utilize viral supply-chains,$3.63
Bay Leaf Fresh,true,61,e-enable open-source supply-chains,$2.13
Ice Cream - Super Sandwich,true,79,iterate clicks-and-mortar eyeballs,$2.18
"Wine - Mas Chicet Rose, Vintage",false,75,redefine front-end paradigms,$8.51
Wine - Chardonnay Mondavi,false,85,monetize out-of-the-box relationships,$5.87
Hog / Sausage Casing - Pork,true,51,exploit dynamic deliverables,$2.37
Eel - Smoked,false,78,e-enable open-source functionalities,$8.42
Crackers Cheez It,true,95,visualize back-end synergies,$6.47
Bread - English Muffin,true,33,incentivize bricks-and-clicks systems,$9.26
Canada Dry,true,12,benchmark user-centric web-readiness,$7.55
Wine - Cabernet Sauvignon,false,95,aggregate sticky niches,$6.99
Langers - Mango Nectar,false,74,syndicate bleeding-edge portals,$8.59
Sausage - Chorizo,false,42,utilize interactive action-items,$9.58
Mushrooms - Honey,false,99,exploit mission-critical supply-chains,$9.21
"Soup - Knorr, Ministrone",true,51,implement out-of-the-box interfaces,$4.20
Beef - Tenderloin Tails,true,99,enable one-to-one niches,$9.37
Chick Peas - Canned,true,56,scale viral e-markets,$6.38
Wine - Touraine Azay - Le - Rideau,true,65,morph plug-and-play markets,$9.11
